<?xml version="1.0"?>
<data grt_format="2.0">
  <value _ptr_="0x60000052e3a0" type="list" content-type="object" content-struct-name="db.mgmt.Connection">
    <value type="object" struct-name="db.mgmt.Connection" id="ECD36477-3A3D-480F-9B2C-2C1B55C19D73" struct-checksum="0x96ba47d8">
      <link type="object" struct-name="db.mgmt.Driver" key="driver">com.mysql.rdbms.mysql.driver.native</link>
      <value type="string" key="hostIdentifier">Mysql@localhost:3306</value>
      <value type="int" key="isDefault">0</value>
      <value _ptr_="0x6000005d0ba0" type="dict" key="modules"/>
      <value _ptr_="0x6000005d0ea0" type="dict" key="parameterValues">
        <value type="string" key="DbSqlEditor:LastDefaultSchema">BLOG</value>
        <value type="string" key="hostName">localhost</value>
        <value type="int" key="lastConnected">1595393568</value>
        <value type="int" key="port">3306</value>
        <value type="string" key="serverVersion">8.0.15</value>
        <value type="string" key="userName">root</value>
      </value>
      <value type="string" key="name">Local instance 3306</value>
      <link type="object" struct-name="GrtObject" key="owner">5F6D8D47-A69F-479A-815E-CB7FCD0362D5</link>
    </value>
    <value type="object" struct-name="db.mgmt.Connection" id="2E1F2C0D-5968-40C8-A94F-BC63F8C54F8C" struct-checksum="0x96ba47d8">
      <link type="object" struct-name="db.mgmt.Driver" key="driver">com.mysql.rdbms.mysql.driver.native</link>
      <value type="string" key="hostIdentifier">Mysql@127.0.0.1:3306</value>
      <value type="int" key="isDefault">0</value>
      <value _ptr_="0x6000005d0c00" type="dict" key="modules"/>
      <value _ptr_="0x6000005d0c60" type="dict" key="parameterValues">
        <value type="string" key="DbSqlEditor:LastDefaultSchema">employee</value>
        <value type="string" key="SQL_MODE"></value>
        <value type="string" key="hostName">127.0.0.1</value>
        <value type="int" key="lastConnected">1595392348</value>
        <value type="string" key="password"></value>
        <value type="int" key="port">3306</value>
        <value type="string" key="schema"></value>
        <value type="string" key="serverVersion">8.0.15</value>
        <value type="string" key="sslCA"></value>
        <value type="string" key="sslCert"></value>
        <value type="string" key="sslCipher"></value>
        <value type="string" key="sslKey"></value>
        <value type="int" key="useSSL">1</value>
        <value type="string" key="userName">root</value>
      </value>
      <value type="string" key="name">EMP_KANRI</value>
      <link type="object" struct-name="GrtObject" key="owner">5F6D8D47-A69F-479A-815E-CB7FCD0362D5</link>
    </value>
    <value type="object" struct-name="db.mgmt.Connection" id="D8441056-0D12-4178-986E-1CE66D95C55F" struct-checksum="0x96ba47d8">
      <link type="object" struct-name="db.mgmt.Driver" key="driver">com.mysql.rdbms.mysql.driver.native</link>
      <value type="string" key="hostIdentifier">Mysql@127.0.0.1:13306</value>
      <value type="int" key="isDefault">0</value>
      <value _ptr_="0x6000005d0cc0" type="dict" key="modules"/>
      <value _ptr_="0x6000005d0b40" type="dict" key="parameterValues">
        <value type="string" key="SQL_MODE"></value>
        <value type="string" key="hostName">127.0.0.1</value>
        <value type="int" key="lastConnected">1590732954</value>
        <value type="string" key="password"></value>
        <value type="int" key="port">13306</value>
        <value type="string" key="schema"></value>
        <value type="string" key="serverVersion">5.7.25-google-log</value>
        <value type="string" key="sslCA"></value>
        <value type="string" key="sslCert"></value>
        <value type="string" key="sslCipher"></value>
        <value type="string" key="sslKey"></value>
        <value type="int" key="useSSL">1</value>
        <value type="string" key="userName">root</value>
      </value>
      <value type="string" key="name">sibuya</value>
      <link type="object" struct-name="GrtObject" key="owner">5F6D8D47-A69F-479A-815E-CB7FCD0362D5</link>
    </value>
    <value type="object" struct-name="db.mgmt.Connection" id="451C2845-8588-4D56-9C6F-22236B509E1A" struct-checksum="0x96ba47d8">
      <link type="object" struct-name="db.mgmt.Driver" key="driver">com.mysql.rdbms.mysql.driver.native</link>
      <value type="string" key="hostIdentifier">Mysql@127.0.0.1:3306</value>
      <value type="int" key="isDefault">0</value>
      <value _ptr_="0x6000005d0900" type="dict" key="modules"/>
      <value _ptr_="0x6000005d0960" type="dict" key="parameterValues">
        <value type="string" key="DbSqlEditor:LastDefaultSchema">todoList</value>
        <value type="string" key="SQL_MODE"></value>
        <value type="string" key="hostName">127.0.0.1</value>
        <value type="int" key="lastConnected">1595392612</value>
        <value type="string" key="password"></value>
        <value type="int" key="port">3306</value>
        <value type="string" key="schema"></value>
        <value type="string" key="serverVersion">8.0.15</value>
        <value type="string" key="sslCA"></value>
        <value type="string" key="sslCert"></value>
        <value type="string" key="sslCipher"></value>
        <value type="string" key="sslKey"></value>
        <value type="int" key="useSSL">1</value>
        <value type="string" key="userName">root</value>
      </value>
      <value type="string" key="name">todoDB</value>
      <link type="object" struct-name="GrtObject" key="owner">5F6D8D47-A69F-479A-815E-CB7FCD0362D5</link>
    </value>
  </value>
</data>
