<?xml version="1.0"?>
<data grt_format="2.0">
  <value _ptr_="0x60000052d020" type="list" content-type="object" content-struct-name="db.mgmt.ServerInstance">
    <value type="object" struct-name="db.mgmt.ServerInstance" id="E6DD882D-75A5-4C7B-B4B5-DFA80E2B0961" struct-checksum="0x367436e2">
      <link type="object" struct-name="db.mgmt.Connection" key="connection">ECD36477-3A3D-480F-9B2C-2C1B55C19D73</link>
      <value _ptr_="0x6000005d6fa0" type="dict" key="loginInfo"/>
      <value _ptr_="0x6000005d7000" type="dict" key="serverInfo">
        <value type="int" key="setupPending">1</value>
        <value type="string" key="sys.config.path"></value>
        <value type="string" key="sys.config.section">mysqld</value>
        <value type="string" key="sys.preset">Custom</value>
        <value type="string" key="sys.system">MacOS X</value>
      </value>
      <value type="string" key="name">Local 3306</value>
    </value>
    <value type="object" struct-name="db.mgmt.ServerInstance" id="3841CE98-D958-4DBC-AA48-F6FB47715535" struct-checksum="0x367436e2">
      <link type="object" struct-name="db.mgmt.Connection" key="connection">2E1F2C0D-5968-40C8-A94F-BC63F8C54F8C</link>
      <value _ptr_="0x6000005d6ac0" type="dict" key="loginInfo">
        <value type="string" key="ssh.hostName"></value>
        <value type="string" key="ssh.key">~/.ssh/ssh_private_key</value>
        <value type="string" key="ssh.localPort">3306</value>
        <value type="int" key="ssh.useKey">0</value>
        <value type="string" key="ssh.userName">mysql</value>
      </value>
      <value _ptr_="0x6000005d5500" type="dict" key="serverInfo">
        <value type="string" key="serverVersion">5.7</value>
        <value type="int" key="setupPending">1</value>
        <value type="string" key="sys.config.path">/etc/my.cnf</value>
        <value type="string" key="sys.config.section">mysqld</value>
        <value type="string" key="sys.mysqld.start">launchctl load -F /Library/LaunchDaemons/com.oracle.oss.mysql.mysqld.plist</value>
        <value type="string" key="sys.mysqld.stop">launchctl unload -F /Library/LaunchDaemons/com.oracle.oss.mysql.mysqld.plist</value>
        <value type="string" key="sys.system">MacOS X</value>
        <value type="int" key="sys.usesudo">1</value>
      </value>
      <value type="string" key="name">EMP_KANRI</value>
    </value>
    <value type="object" struct-name="db.mgmt.ServerInstance" id="F4927887-5424-4A82-B4C9-B3C688CBF22B" struct-checksum="0x367436e2">
      <link type="object" struct-name="db.mgmt.Connection" key="connection">D8441056-0D12-4178-986E-1CE66D95C55F</link>
      <value _ptr_="0x6000005d5680" type="dict" key="loginInfo">
        <value type="string" key="ssh.hostName"></value>
        <value type="string" key="ssh.key">~/.ssh/ssh_private_key</value>
        <value type="string" key="ssh.localPort">3306</value>
        <value type="int" key="ssh.useKey">0</value>
        <value type="string" key="ssh.userName">mysql</value>
      </value>
      <value _ptr_="0x6000005d7c00" type="dict" key="serverInfo">
        <value type="string" key="serverVersion">5.7</value>
        <value type="int" key="setupPending">1</value>
        <value type="string" key="sys.config.path">/etc/my.cnf</value>
        <value type="string" key="sys.config.section">mysqld</value>
        <value type="string" key="sys.mysqld.start">launchctl load -F /Library/LaunchDaemons/com.oracle.oss.mysql.mysqld.plist</value>
        <value type="string" key="sys.mysqld.stop">launchctl unload -F /Library/LaunchDaemons/com.oracle.oss.mysql.mysqld.plist</value>
        <value type="string" key="sys.system">MacOS X</value>
        <value type="int" key="sys.usesudo">1</value>
      </value>
      <value type="string" key="name">sibuya</value>
    </value>
    <value type="object" struct-name="db.mgmt.ServerInstance" id="AD47D3CF-6544-421A-9A7F-0FBE07036EB1" struct-checksum="0x367436e2">
      <link type="object" struct-name="db.mgmt.Connection" key="connection">451C2845-8588-4D56-9C6F-22236B509E1A</link>
      <value _ptr_="0x6000005d71e0" type="dict" key="loginInfo">
        <value type="string" key="ssh.hostName"></value>
        <value type="string" key="ssh.key">~/.ssh/ssh_private_key</value>
        <value type="string" key="ssh.localPort">3306</value>
        <value type="int" key="ssh.useKey">0</value>
        <value type="string" key="ssh.userName">mysql</value>
      </value>
      <value _ptr_="0x6000005d7240" type="dict" key="serverInfo">
        <value type="string" key="serverVersion">5.7</value>
        <value type="int" key="setupPending">1</value>
        <value type="string" key="sys.config.path">/etc/my.cnf</value>
        <value type="string" key="sys.config.section">mysqld</value>
        <value type="string" key="sys.mysqld.start">launchctl load -F /Library/LaunchDaemons/com.oracle.oss.mysql.mysqld.plist</value>
        <value type="string" key="sys.mysqld.stop">launchctl unload -F /Library/LaunchDaemons/com.oracle.oss.mysql.mysqld.plist</value>
        <value type="string" key="sys.system">MacOS X</value>
        <value type="int" key="sys.usesudo">1</value>
      </value>
      <value type="string" key="name">todoDB</value>
    </value>
  </value>
</data>
